-- --------------------------------------------------------
-- Хост:                         127.0.0.1
-- Версия сервера:               5.5.53 - MySQL Community Server (GPL)
-- Операционная система:         Win32
-- HeidiSQL Версия:              9.4.0.5125
-- --------------------------------------------------------

/*!40101 SET @OLD_CHARACTER_SET_CLIENT=@@CHARACTER_SET_CLIENT */;
/*!40101 SET NAMES utf8 */;
/*!50503 SET NAMES utf8mb4 */;
/*!40014 SET @OLD_FOREIGN_KEY_CHECKS=@@FOREIGN_KEY_CHECKS, FOREIGN_KEY_CHECKS=0 */;
/*!40101 SET @OLD_SQL_MODE=@@SQL_MODE, SQL_MODE='NO_AUTO_VALUE_ON_ZERO' */;


-- Дамп структуры базы данных blog
DROP DATABASE IF EXISTS `blog`;
CREATE DATABASE IF NOT EXISTS `blog` /*!40100 DEFAULT CHARACTER SET utf8 */;
USE `blog`;

-- Дамп структуры для таблица blog.comments
DROP TABLE IF EXISTS `comments`;
CREATE TABLE IF NOT EXISTS `comments` (
  `id` int(10) unsigned NOT NULL AUTO_INCREMENT,
  `text` text NOT NULL,
  `date` timestamp NOT NULL DEFAULT CURRENT_TIMESTAMP ON UPDATE CURRENT_TIMESTAMP,
  `author_id` int(11) NOT NULL,
  `post_id` int(11) NOT NULL,
  PRIMARY KEY (`id`)
) ENGINE=InnoDB AUTO_INCREMENT=11 DEFAULT CHARSET=utf8;

-- Дамп данных таблицы blog.comments: ~10 rows (приблизительно)
DELETE FROM `comments`;
/*!40000 ALTER TABLE `comments` DISABLE KEYS */;
INSERT INTO `comments` (`id`, `text`, `date`, `author_id`, `post_id`) VALUES
	(1, 'Наполеоновские планы, однако... Через Польшу и Беларусь да на Москву.', '2017-07-15 15:53:04', 2, 2),
	(2, 'рандомный коммент', '2017-07-15 15:53:06', 3, 3),
	(3, 'плз', '2017-07-15 15:53:07', 3, 4),
	(4, 'Первый нах)', '2017-07-15 15:53:10', 5, 3),
	(5, 'зацените кота', '2017-07-15 15:53:12', 6, 1),
	(6, 'лол', '2017-07-15 15:53:13', 7, 5),
	(7, 'А мама мне говорила что у меня отличное чувство юмора :<', '2017-07-15 15:53:16', 8, 5),
	(8, 'Невыспался видимо', '2017-07-15 15:53:18', 8, 5),
	(9, 'Фантазия иссякла', '2017-07-15 15:53:19', 2, 5),
	(10, 'А ты хорош))', '2017-07-15 15:53:21', 3, 5);
/*!40000 ALTER TABLE `comments` ENABLE KEYS */;

-- Дамп структуры для таблица blog.posts
DROP TABLE IF EXISTS `posts`;
CREATE TABLE IF NOT EXISTS `posts` (
  `id` int(11) NOT NULL AUTO_INCREMENT,
  `title` text NOT NULL,
  `date` timestamp NOT NULL DEFAULT CURRENT_TIMESTAMP ON UPDATE CURRENT_TIMESTAMP,
  `preview_text` text NOT NULL,
  `content` longtext NOT NULL,
  `author_id` int(11) NOT NULL,
  `preview_img` text NOT NULL,
  PRIMARY KEY (`id`)
) ENGINE=InnoDB AUTO_INCREMENT=12 DEFAULT CHARSET=utf8;

-- Дамп данных таблицы blog.posts: ~12 rows (приблизительно)
DELETE FROM `posts`;
/*!40000 ALTER TABLE `posts` DISABLE KEYS */;
INSERT INTO `posts` (`id`, `title`, `date`, `preview_text`, `content`, `author_id`, `preview_img`) VALUES
	(2, 'КАК ЗАДОБРИТЬ ДОМОВОГО', '2017-07-09 14:05:26', 'Издревне люди верят в домовых, ведьм, полтергейстов и прочих потусторонних… ', 'Как задобрить домового.\r\n1. В новый дом первой должна войти кошка. Именно она своей энергетикой очистит помещение от негативной энергии, а если этого не сделать, домовому просто будет негде жить!\r\n2. Регулярно убирать в доме. Пыль и беспорядок очень не нравятся домовому. А ещё не надо обижать кошек, в которых, кстати, домовой нередко перевоплощается.\r\n3. Никогда не ругаться в доме, все дела решать миром. Негативная энергетика пугает домового и открывает дверь всякой нечисти.\r\n4. Немногие знают, что до появления христианства каждая крестьянская семья праздновала день рождения домового. Праздник этот проводили… 1-го апреля. Считалось, что в этот день домовой просыпается от зимней спячки. По народным поверьям, существуют дни, так или иначе связанные с домовыми. Так, по некоторым источникам, 7 февраля - «именины домового».', 2, '/upload/posts/house-men.jpg'),
	(3, '13 необычных применений обычной водки ', '2017-07-09 14:05:46', '1. Добавьте в вазу с цветами (пионами, например) несколько капель водки и … ', '1. Добавьте в вазу с цветами (пионами, например) несколько капель водки и чайную ложку сахара, и вы продлите им жизнь.\r\n2. Чтобы безболезненно снять приставший намертво лейкопластырь, смочите его водкой при помощи ватного тампона. Водка быстро растворит липкий слой.\r\n3. Для того, чтобы быстрее избавиться от герпеса, протрите его смоченным водкой ватным тампоном.\r\n4. Тем же способом можно уменьшить боль от ожога медузы, по крайней мере, пока не приехала скорая.\r\n5. Используйте водку как освежитель для неприятно пахнущей одежды. Водка убивает бактерии, которые становятся причиной неприятного запаха. Налейте водку в бутылочку с распылителем, побрызгайте на одежду и развесьте в хорошо проветриваемом помещении.\r\n6. Добавьте немного водки в воду, которой моете окна, и получите сияющие чистотой стёкла без разводов.\r\n7. Избавьтесь от сорняков, не прибегая к вредным пестицидам: налейте в бутылку с распылителем 30 мл водки, несколько капель средства для мытья посуды и два стакана воды, хорошенько встряхните и средство против сорняков готово.\r\n8. Очистите любые поверхности от наклеек: просто потрите их смоченной водкой тканью или губкой и сполосните водой с жидкостью для мытья посуды.\r\n9. Водка может помочь в борьбе с расширенными порами. Сделайте свой собственный тоник: чашка остывшего зелёного чая + ¼ чайной ложки водки. Смочите этой смесью ватный тампон и протрите лицо.\r\n10. Когда задумаете печь пироги, не забудьте добавить в тесто немного водки – так ваше изделие получится пышнее, нежнее и красивее. Да и пропечётся лучше.\r\n11. С помощью водки можно почистить драгоценности – всё, что содержит бриллианты, изумруды и другие драгоценные камни. Просто опустите их в алкоголь на пять минут, а затем ополосните водой и вытрите насухо.\r\n12. Распылите алкоголь в местах скопления насекомых и они уйдут.\r\n13. Добавьте немного водки в ванночку для ног – это поможет вам избавиться от неприятного запаха.', 4, '/upload/posts/vodka.jpg'),
	(4, 'Азбука похудения: что можно есть после шести? ', '2017-07-09 14:05:57', 'Всем и каждому известна страшная сказка, что есть после шести вечера нельзя. Однако специалисты настаивают, что набор лишнего веса стимулирует как раз большой перерыв в еде — с шести вечера и до самого утра. Есть после шести вечера можно и нужно, только следует учесть, что организм уже … ', 'Всем и каждому известна страшная сказка, что есть после шести вечера нельзя. Однако специалисты настаивают, что набор лишнего веса стимулирует как раз большой перерыв в еде — с шести вечера и до самого утра.\r\n\r\nЕсть после шести вечера можно и нужно, только следует учесть, что организм уже готовится ко сну, а обменные процессы замедляются. Особое внимание следует обратить на продукты с отрицательной калорийностью, на переваривание которых требуется больше калорий, чем в них содержится.\r\nКапуста\r\nКапуста известна своей низкой калорийностью, поэтому ее можно есть сколько угодно и в любом виде. Неважно — сырую или приготовленную. К тому же она богата витаминами и минералами, необходимыми нашему организму.\r\nСвекла\r\nСалат из свеклы станет отличным легким ужином, который к тому же поможет сжечь жир, благодаря содержащемуся в свекле бетаину. Кроме того, свекла очищает организм от шлаков и нормализует работу кишечника.\r\nБанан\r\nВ банане не так уж мало калорий, зато он содержит аминокислоту, благотворно влияющую на нервную систему — она поможет спокойно и крепко уснуть.\r\nСельдерей\r\nСодержит совсем мало калорий, поэтому отлично подходит для вечерней трапезы. Можно добавить его в салат или сделать смузи.\r\nКукуруза\r\n\r\nКукуруза включает элементы, помогающие очистить организм от холестерина и препятствует накоплению жировых запасов. Ее полезно съесть на ночь, но предпочтение лучше отдать не консервированной, а вареной кукурузе.\r\nМорепродукты\r\n\r\nМорская рыба, креветки, кальмары содержат легкоусвояемый белок, фосфор и жирные кислоты. Однако не увлекайтесь — размер порции не должен превышать 100 граммов и желательно с тушеными овощами.\r\nАбрикос\r\n\r\nАбрикос считается диетическим продуктом. Он содержит множество витаминов и минералов, а также углеводы, которые позволяют быстро утолить чувство голода.\r\nНектарин\r\n\r\nНектарин содержит большое количество клетчатки, которая ускоряет обмен веществ и предотвращает откладывание жировых запасов в организме. Кроме того, нектарин богат антиоксидантами, полезными для кожи.', 2, '/upload/posts/diet.jpg'),
	(5, '5 секретов, как правильно есть суши', '2017-07-09 14:06:05', 'Правильно держать палочки – это еще далеко не все...', 'Правильно держать палочки – это еще далеко не все, что нужно уметь и знать, заказывая себе суши и роллы. Оказывается, есть несколько четких правил, как это следует делать, которыми мы сегодня решили поделиться с вами.\r\n\r\nПравило первое: суши можно есть руками. Бывает, что люди не могут есть палочками. Вот просто не удается овладеть этим искусством. Это не должно смущать, так как даже в высококлассных ресторанах встречаются люди, которые так поступают.\r\n\r\nПравило второе: меньше окунать суши в соевый соус. Обычно шеф-повара стараются добиться идеального сочетания свежей рыбы и морепродуктов, а также правильно приготовленного риса. Именно поэтому не стоит добавлять соевый соус в большом количестве. Избыток его может испортить вкус и впечатление от блюда. Если же вы не можете жить без него, лучшие шеф-повара советуют окунать в соевый соус только верхний слой ролла или суши – нории. Делать это надо максимально аккуратно, чтобы рис не полностью пропитался соусом. Для контроля можно взять имбирь, опустить его в соус, а потом положить на него ролл или суши. Так они не полностью пропитаются соевым соусом, а вы сможете ощутить любимый вкус.\r\n\r\nПравило третье: использовать специальный соус. Не стоит окунать роллы и суши в соевый соус, если блюдо подали с каким-то другим соусом. Это связано с тем, что шеф-повара могут придумывать специальные варианты подачи, которые идеально подчеркнут вкус конкретных роллов и суши.\r\n\r\nПравило четвертое: смешивать соевый соус и васаби. Если вам нравится, чтобы васаби было немного, можно смешать его с соевым соусом. А если вы решили поесть сашими, шеф-повара рекомендуют положить чуть-чуть васаби на сырую рыбу, так как он обладает антибактериальным действием, убивая опасные микробы.\r\n\r\nПравило пятое: переворачивать суши. Бывает, что суши разваливаются, когда человек пытается взять их палочками. Чтобы этого не случалось, нужно перевернуть суши набок и поднимать так, чтобы палочки держали рыбу с одной стороны и рис – с другой.\r\n', 5, '/upload/posts/sushi.jpg'),
	(6, 'Как правильно выбрать арбуз', '2017-07-09 14:07:28', 'Нет ничего лучше, чем съесть большую сочную дольку свежего...', 'Нет ничего лучше, чем съесть большую сочную дольку свежего арбуза в жаркий летний день! это не только вкусно, но и полезно, так как позволяет восполнить потерю жидкости. Мякоть можно использовать для освежающего напитка, подать ее с йогуртом и медом. А еще из арбуза получается вкусный салат, если дополнить его сыром Фета и оливковым маслом.\r\n\r\nЕсли съесть арбуз на завтрак, он насытит организм влагой вплоть до самого вечера. Кроме того, этот плод отличается отрицательным содержанием калорий, сжигает огромное количество энергии во время переваривания пищи. Если очень хочется, чтобы с живота ушел жир, можно налегать на арбузы. Плод содержит огромное количество калия и витаминов А и С. Вещество ликопин, делающее его красным, благоприятно скажется на зрении и здоровье сердца. Сок арбуза помогает облегчить боль в мышцах.\r\n\r\nСемена арбуза, которые все обычно выбрасывают, содержат витамины, большое количество белка и низкое – холестерина. Если высушить их на солнце, получится отличная закуска наподобие семян льна.\r\n\r\nТеперь, когда мы рассмотрели основные преимущества арбуза, возникает вопрос: как же выбрать его так, чтобы попался самый спелый и вкусный плод?\r\n\r\nДля начала арбуз нужно взять в руки. Он должен быть тяжелым и не полым внутри, так как спелые плоды содержат особенно много воды. Посмотрите на желтое пятно, которое еще называют земляным пятном. Если оно есть, значит арбуз созрел. Если оно белое или зеленоватое, значит, плод сорвали слишком рано.\r\n\r\nНадавите на арбуз. Спелый плод издаст глубокий глухой звук, а недозрелый и переспелый будет звучат более скучно.\r\n\r\nАрбуз должен быть ровной формы, симметричным, без следов от ударов. Спелые арбузы темно-зеленого цвета обычно более сладкие, чем светлые варианты. Если поверхность плода блестит, значит, он может быть незрелым.\r\n\r\nЧто же можно приготовить с арбузом, когда надоело есть его просто так?\r\n\r\nВо-первых, можно сделать мороженое, смешав кокосовое молоко, мякоть арбуза и заморозив. При подаче стоит полить его соусом из папайи, добавить кокосовую стружку и насладиться лакомством всей семьей.\r\n\r\nВо-вторых, это может быть легкий салат с сыром Фета. Для него нужно смешать ледяную мякоть арбуза с острым и теплым бальзамическим уксусом, а также масляными крошками Фета. Дополнить вкус салата можно хрустящими кедровыми орешками.\r\n\r\nВ-третьих, можно приготовить арбузное карри. Блюдо с арбузным соком, томатным пюре и паниром в специи карри может оказаться тем самым желанным обедом в жаркое время. А уж если дополнить его кусочками манго, так и вовсе получится божественное блюдо.\r\n\r\nВ-четвертых, это может быть напиток, в котором соединится арбуз, мята, немного лимонного сока и газированная вода. То, что нужно, чтобы охладиться в летнюю жару.\r\n\r\nВ-пятых, охлажденный суп. Его можно приготовить из арбуза и свеклы. Несмотря на странное сочетание, вы удивитесь, насколько хорош он на вкус.\r\n', 9, '/upload/posts/melon.jpg'),
	(7, 'Помой руки – перезагрузи мозг!', '2017-07-09 14:07:23', 'Вам срочно нужно перезагрузить мозг? Тогда мойте руки! Исследователи...', 'Вам срочно нужно перезагрузить мозг? Тогда мойте руки! Исследователи обнаружили, что этот процесс не только позволяет добиться чистоты кожи, но и освобождает мозг от старых идей, делает мышление более гибким. Это действие помогает расставить приоритеты, делая прошлые цели менее важными, а новые делает приоритетными.\r\n\r\nОткрытие сделали исследователи из Школы менеджмента имени Джозефа Л. Ротмана (Университет в Торонто).\r\n\r\nДо начала их работы было известно, что очищение физического тела помогает справиться с психологическими переживаниями, например, с чувством вины от аморального поведения, унынием после поражения и так далее. Некоторые люди рассказали, что они стремятся принять душ после совершения «нечистого акта», чтобы смыть вину.\r\n\r\nНо сейчас исследователи доказали, что мытье рук помогает разгрузить мозг. Ученые провели четыре эксперимента, во время которых привлекали внимание участников к конкретным целям путем игры слов или краткого обзора. Затем их просили или оценить, или фактически воспользоваться влажными салфетками. Те, кто использовали их для дезинфекции одежды, с меньшей вероятностью оглядывались назад на предыдущие цели, чтобы выбрать поведения на их основе, а также с меньшей вероятностью считали это важным. Ученые установили, что внимание этих участников было проще переориентировать на другие цели.\r\n\r\nЛюди, которые считали важной целью здоровье, используя влажные салфетки, оставляли ее. Они были более склонны выбирать шоколад, а не мюсли для еды.\r\n\r\nИсследование провели, опираясь на результаты кратковременных чисток рук, а не долгосрочного воздействия. Конечно, еще предстоит все проверить, но предварительно можно сказать, что когда речь заходит о выборе нового направления мыслей, более полезных занятий, мытье рук вполне пригодится.\r\n\r\nИспользование влажной салфетки или поход к раковине может избавить от сомнений при выборе. Например, человек не знает, куда поехать – в Париж или Рим на отдых. Выбирая Париж, он обосновывает это тем, что здесь лучше кухня и есть фантастические музеи. Он оправдывает выбор, сосредоточив внимание на положительных чертах.\r\n\r\nНо исследование показало, что в процессе мытья рук, люди уже не чувствуют, что свой выбор им нужно как-то обосновывать. Они смывают эту необходимость.\r\n', 5, '/upload/posts/hand_wash.jpg'),
	(8, 'Наше Солнце сильно похудело', '2017-07-09 14:06:27', 'С Солнцем не все так просто, как можно показаться...', 'С Солнцем не все так просто, как можно показаться. Астроном Петрус Мартенс провел исследование и доказал, что в древние времена наше светило было более крупным, чем сейчас. С тех пор оно интенсивно теряло массу.\r\n\r\nОколо трех миллиардов лет, как считает ученый, Солнце теряло примерно 0,0000000000075 массы ежегодно, то есть около трех процентов начальной массы за три миллиарда лет существования. Сейчас эта величина стала на два порядка ниже, но она не существенна для учета изменения яркости светила. Выводы Петрус сделал, обратив внимание, что с течением времени Солнце, как и большинство подобных ему звезд, замедляет вращение. Это, в свою очередь, происходит из-за потери ими своей массы.\r\n\r\nЕсли подсчеты верны, то в древности светило было таким же ярким, как и в наши дни. Это позволяет разрешить парадокс слабого молодого Солнца, связанного с невозможностью наличия на поверхности Марса и Земли жидкой воды четыре миллиарда лет назад. Тогда для этого было недостаточно энергии от молодого светила, которое было тусклее на 20-30 процентов, чем сейчас (при условии, если сохранялись его нынешние размеры и масса).\r\n\r\nПарадокс слабого молодого Солнца объясняют плотной атмосферой на Земле и Марсе, которая создавала парниковый эффект и обеспечивала условия для наличия на поверхности планеты жидкой воды.\r\n\r\nБыли варианты у ученых, что парниковый эффект в атмосфере нашей планеты создавала еще и астероидная бомбардировка. Имея диаметр сто километров, эти небесные тела при падении на Землю вызывали расплавление больших объемов пород, создающих лавовые озера. По мере охлаждения они испускали большие объемы углекислого газа, разогревали атмосферу и создавали условия для нахождения на поверхности планеты жидкой воды.\r\n', 6, '/upload/posts/sun.jpg'),
	(9, 'Влюбленных на расстоянии свяжет чехол для передачи поцелуев', '2017-07-09 14:06:38', 'Разработчики из Великобритании создали специальный чехол для смартфона.', 'Разработчики из Великобритании создали специальный чехол для смартфона, предназначенный для передачи поцелуев. Гаджет получил название Kissenger, он позиционируется авторами-создателями как первый в мире мобильный «поцелуйный» мессенджер.\r\n\r\nНовинка представляет собой чехол для смартфона, в который встроена силиконовая площадка с датчиками. Разработчики убеждены, что он в разы лучше привычных всем смайликов, так как может передавать реалистичные ощущения от поцелуя партнеру в реальном времени.\r\n\r\nЕсли нужно кому-то передать поцелуй, пользователь должен поцеловать силиконовую площадку. Датчики зарегистрируют его, а потом передадут получателю в виде обычного сообщения во вполне традиционном мессенджере. Дальше пользователю, которому было отправлено сообщение с поцелуем, нужно приложить смартфон с таким же чехлом к соответствующей части тела и «ощутить» поцелуй. Дальше он может отправить ответный поцелуй. По имеющимся данным, датчики чехла измеряют силу и динамику в разных частях губ в течение поцелуя, а потом чехол воспроизводит все это в соответствии с полученными данными.\r\n\r\nКонечно же, поцелуйный мессенджер пригодится тем парам, которые в силу каких-то обстоятельств разделены большим расстоянием. Понравится он и семьям, разбросанным по разным частям света, а еще – известным людям и их фанатам, хоть и далеко не всем. Вот только, нет никаких сведений о том, появится ли гаджет в продаже на рынках планеты, а также о том, сколько он может стоить.', 7, '/upload/posts/love.jpg'),
	(10, 'Назван самый простой способ жить долго и счастливо', '2017-07-09 14:07:01', 'Ученым из Эксетерского университета удалось выяснить, что именно помогает...', 'Ученым из Эксетерского университета удалось выяснить, что именно помогает приматам прожить долго. Продолжительность жизни, согласно наблюдениям, оказалась выше у макак-резусов с большими семьями и крепкими социальными связями. Именно социальные связи, родственники и друзья помогут прожить долго, считают ученые.\r\n\r\nВ течение 21 года специалисты изучили примерно тысячу макак-резусов, проживающих в Пуэрто-Рико. Биологи считали близких у каждой особи и смогли определить, что каждый родственник или друг снижали вероятность гибели животного в течение года на 2,3 процента.\r\nДоктор Лорен Брент подчеркнул, что их исследование поддерживает идею о способствовании социальных связей выживанию. И, собственно, это может быть еще одним объяснением того, почему некоторые животные живут «коллективами».\r\n\r\nПри этом подобной взаимосвязи не выявилось у пожилых самок. Биологи уже предположили, что причину можно найти в различиях в поведении старых и молодых особей. Пожилые самки всегда более избирательны в социальных связях, а молодые стремятся занять свое место в группе, действуют агрессивно и желают, чтобы о них заботились другие.\r\n\r\nУченые отметили, что результаты исследования можно применить к человеку. Новые данные даже, вероятнее всего, позволят объяснить, как именно первобытные люди сосуществовали друг с другом, как это влияло на их качество жизни.\r\n\r\nКроме того, что коллектив продлевает жизнь, еще одним способом прожить долго является регулярное занятие физическими упражнениями, которые позволяют избежать риска развития сердечно-сосудистых заболеваний и сахарного диабета второго типа, а также ожирения и снижения мышечного тонуса.\r\n', 5, '/upload/posts/live_long.jpg'),
	(11, 'Кот воришка', '2017-07-09 14:07:10', 'Удивительные события 11 декабря произошли во Флориде...', 'Удивительные события 11 декабря произошли во Флориде. Кот стал воровать из домов вещи. Конечно, воровал он не специально и никто его не обучал этому ремеслу, а вместо него делал это его магнитный ошейник.\r\n\r\nКот Майло за целый день унес из квартир соседей около двадцати комплектов ключей. При чем, это не весь его улов. За прошлый месяц он принес своей хозяйке такое же количество ключиков от соседних домов.\r\n\r\nКак заявила хозяйка кота Кирстен Александр, она знать не знала, что ее кот имеет другую, никому не известную вторую жизнь. Узнала она совершенно случайно «воришка» пришел домой с ключами, свисавшими с его шеи. Занявшись более детальным поиском, ей удалось обнаружить целую охапку ключей у себя во дворе.\r\n\r\nВиновником краж, как стало потом известно, стал магнитный ошейник купленный хозяйкой для своего любимца. С помощью этого ошейника кот разблокировал заслонку закрывавшую путь ему домой. Этот ошейник был своеобразным ключем, который не давал чужим котам попадать в дом. Но в тоже время, благодарю такому ошейнику, кот приобрел статус «воришки». Не все дома имеют специальную магнитную заглушку.\r\n\r\nСоответственно кот наведываясь соседям в гости, кроме обеда, уносил с собой пару железных вещичок, которые приклеивались к его ошейнику.\r\n\r\nО том, что ключи крадет кот, никто не мог подумать. Сначала решили, что это люди занимаются кражами связок ключей, но, в итоге причиной был кот, для которого все закончилось хорошо.\r\n', 2, '/upload/posts/cat.jpg');
/*!40000 ALTER TABLE `posts` ENABLE KEYS */;

-- Дамп структуры для таблица blog.tags
DROP TABLE IF EXISTS `tags`;
CREATE TABLE IF NOT EXISTS `tags` (
  `id` int(10) unsigned NOT NULL AUTO_INCREMENT,
  `text` text NOT NULL,
  PRIMARY KEY (`id`)
) ENGINE=InnoDB AUTO_INCREMENT=18 DEFAULT CHARSET=utf8;

-- Дамп данных таблицы blog.tags: ~17 rows (приблизительно)
DELETE FROM `tags`;
/*!40000 ALTER TABLE `tags` DISABLE KEYS */;
INSERT INTO `tags` (`id`, `text`) VALUES
	(1, 'ссср'),
	(2, 'кот'),
	(3, 'Путин'),
	(4, 'милота'),
	(5, 'мост закроют 8го'),
	(6, 'смешное'),
	(7, 'мемы'),
	(8, 'праздники'),
	(9, 'отпуск'),
	(10, 'жара'),
	(11, 'крик души'),
	(12, 'Дружко'),
	(13, 'Лайфхак'),
	(14, 'Религия'),
	(15, 'сериалы'),
	(16, 'черный юмор'),
	(17, 'пятница');
/*!40000 ALTER TABLE `tags` ENABLE KEYS */;

-- Дамп структуры для таблица blog.tags_posts
DROP TABLE IF EXISTS `tags_posts`;
CREATE TABLE IF NOT EXISTS `tags_posts` (
  `id` int(10) unsigned NOT NULL AUTO_INCREMENT,
  `tag_id` int(10) unsigned NOT NULL DEFAULT '0',
  `post_id` int(10) unsigned NOT NULL DEFAULT '0',
  PRIMARY KEY (`id`)
) ENGINE=InnoDB AUTO_INCREMENT=10 DEFAULT CHARSET=utf8;

-- Дамп данных таблицы blog.tags_posts: ~9 rows (приблизительно)
DELETE FROM `tags_posts`;
/*!40000 ALTER TABLE `tags_posts` DISABLE KEYS */;
INSERT INTO `tags_posts` (`id`, `tag_id`, `post_id`) VALUES
	(1, 2, 3),
	(2, 2, 5),
	(3, 2, 4),
	(4, 2, 6),
	(5, 4, 4),
	(6, 4, 9),
	(7, 5, 9),
	(8, 5, 5),
	(9, 3, 4);
/*!40000 ALTER TABLE `tags_posts` ENABLE KEYS */;

-- Дамп структуры для таблица blog.users
DROP TABLE IF EXISTS `users`;
CREATE TABLE IF NOT EXISTS `users` (
  `id` int(11) NOT NULL AUTO_INCREMENT,
  `firstname` text,
  `lastname` text,
  `nickname` text,
  `login` text,
  `password` text,
  `avatar` text,
  PRIMARY KEY (`id`)
) ENGINE=InnoDB AUTO_INCREMENT=12 DEFAULT CHARSET=utf8;

-- Дамп данных таблицы blog.users: ~10 rows (приблизительно)
DELETE FROM `users`;
/*!40000 ALTER TABLE `users` DISABLE KEYS */;
INSERT INTO `users` (`id`, `firstname`, `lastname`, `nickname`, `login`, `password`, `avatar`) VALUES
	(2, 'Гавриил', 'Гордеев', 'Гавр', 'gavr82@yandex.ru', 'a710328a4a8d64f95a61725e156ff42b', '/upload/avatar-1.jpg'),
	(3, 'Игорь', 'Харламов', 'Бульдог', 'Iharlamov_Buldog@mail.ru', 'e2a3653f646918100ce9bc45fa265fc9', '/upload/avatar-2.jpg'),
	(4, 'Тимур', 'Батрутдинов', 'Каштан', 'Kashtan_Tim@gmail.com', '28e7959a42b5dd7bcbde866b66132646', '/upload/avatar-3.jpg'),
	(5, 'Вадим', 'Галыгин', 'Рембо', 'Vadim.Galigin.Rembo@mail.ru', '462ed8daaab284b9a59c0bbdb3d6c118', '/upload/avatar-4.jpg'),
	(6, 'Тимур', 'Керимов', 'Родригес', 'Rodriges12345-mail@rambler.ru', '15fb15ad6c697c574db1fbb686dc6866', '/upload/avatar-5.jpg'),
	(7, 'Дмитрий', 'Сорокин', 'Люсёк', 'Voronin-Dima@mail.ru', 'a9a3029cc93cc5d1e99e7b81139a8a4d', '/upload/avatar-6.jpg'),
	(8, 'Павел', 'Воля', 'Снежок', 'PavelVolya14@yahoo.com', 'fb67c26739e2ab15555a6019a2b191e3', '/upload/avatar-7.jpg'),
	(9, 'Сергей', 'Гореликов', 'Турбо', 'Serg.Goreliy666@mail.ru', '2ad98344c6b3f820e4e5dfe37d91d863', '/upload/avatar-8.jpg'),
	(10, 'Алексей', 'Смирнов', 'Смирняга', 'Smirnoff_Alek@gmail.com', 'ecae8fe398e043ad889a63d4ee6ffa29', '/upload/avatar-9.jpg'),
	(11, 'Антон', 'Иванов', 'Бандерас', 'IvanovIvanIvanovich@mail.ru', 'e08f9c2485ff3be11af023a41ce6a1d7', '/upload/avatar-10.jpg');
/*!40000 ALTER TABLE `users` ENABLE KEYS */;

/*!40101 SET SQL_MODE=IFNULL(@OLD_SQL_MODE, '') */;
/*!40014 SET FOREIGN_KEY_CHECKS=IF(@OLD_FOREIGN_KEY_CHECKS IS NULL, 1, @OLD_FOREIGN_KEY_CHECKS) */;
/*!40101 SET CHARACTER_SET_CLIENT=@OLD_CHARACTER_SET_CLIENT */;
